scope,kind,n,algo,millis,compares,moves,depth,sorted,stable
kinds,random,8192,merge,0.5540,96146,212992,14,1,yes
kinds,random,8192,quick,0.3780,129320,184500,31,1,no
kinds,random,8192,heap,0.5550,187630,297435,1,1,no
kinds,sorted,8192,merge,0.2910,53248,212992,14,1,n/a
kinds,sorted,8192,quick,10.5850,33550336,0,8192,1,n/a
kinds,sorted,8192,heap,0.4130,194316,315918,1,1,n/a
kinds,reversed,8192,merge,0.3050,53248,212992,14,1,n/a
kinds,reversed,8192,quick,15.8450,33550336,12288,8192,1,n/a
kinds,reversed,8192,heap,0.4090,180760,279546,1,1,n/a
kinds,few-unique,8192,merge,0.3090,92227,212992,14,1,yes
kinds,few-unique,8192,quick,1.4600,4222482,45957,1090,1,no
kinds,few-unique,8192,heap,0.4530,170282,263442,1,1,no
growth,random,2048,merge,0.0830,19952,45056,12,1,yes
growth,random,2048,quick,0.0440,25272,38208,24,1,no
growth,random,2048,heap,0.0990,38772,62241,1,1,no
growth,random,4096,merge,0.2310,44023,98304,13,1,yes
growth,random,4096,quick,0.2090,64528,101775,30,1,no
growth,random,4096,heap,0.2430,85695,136602,1,1,no
growth,random,8192,merge,0.5230,96146,212992,14,1,yes
growth,random,8192,quick,0.3770,129320,184500,31,1,no
growth,random,8192,heap,0.5560,187630,297435,1,1,no
growth,random,16384,merge,1.2220,208730,458752,15,1,yes
growth,random,16384,quick,1.1260,288062,426681,32,1,no
growth,random,16384,heap,1.2410,408314,644517,1,1,no
growth,random,32768,merge,2.5520,450210,983040,16,1,yes
growth,random,32768,quick,1.9270,636910,989652,38,1,no
growth,random,32768,heap,2.7000,882006,1387062,1,1,no
growth,random,65536,merge,5.3740,965821,2097152,17,1,yes
growth,random,65536,quick,3.9350,1424177,2040573,46,1,no
growth,random,65536,heap,5.9170,1894624,2970333,1,1,no